{
    "connectors": [
        {
            "kind": "AzureActivityLog"
        },
        {
            "kind": "AzureSecurityCenter",
            "properties": {
                "dataTypes": {
                    "alerts": {
                        "state": "enabled"
                    }
                }
            }
        },
        {
            "kind": "Office365",
            "properties": {
                "dataTypes": {
                    "sharePoint": {
                        "state": "enabled"
                    },
                    "exchange": {
                        "state": "enabled"
                    },
                    "teams": {
                        "state": "enabled"
                    }
                }
            }
        },
        {
            "kind": "AzureActiveDirectory",
            "properties": {
                "dataTypes": {
                    "alerts": {
                        "state": "enabled"
                    }
                }
            }
        },
        {
            "kind": "MicrosoftThreatProtection",
            "properties": {
                "dataTypes": {
                  "incidents": {
                        "state": "enabled"
                    },
                    "alerts": {
                        "state": "enabled"
                    }
                }
            }
        },
        {
            "kind": "OfficeIrm",
            "properties": {
                "dataTypes": {
                    "alerts": {
                        "state": "enabled"
                    }
                }
            }
        }
    ]
}
