{
    "$schema": "https://schema.management.azure.com/schemas/2015-01-01/deploymentParameters.json#",
    "contentVersion": "1.0.0.0",
    "parameters": {
        "mspOfferName": {
            "value": "BDO Managed Sentinel Service"
        },
        "rgName": {
            "value": "<RGNAME>"
        },
        "mspOfferDescription": {
            "value": "BDO manage sentinel deployment/integration tasks,connect new data sources,create content,and investigate + respond to alerts"
        },
        "managedByTenantId": {
            "value": "fd0d9629-b9ca-408e-9904-c18786680fee"
        },
        "authorizations": {
            "value": [
                {
                    "principalId": "bcf33372-327f-47fd-8b9c-7fbe5f5f47cd",
                    "principalIdDisplayName": "MDR Analysts - Azure Sentinel Responder",
                    "roleDefinitionId": "3e150937-b8fe-4cfb-8069-0eaf05ecd056"
                },
                {
                    "principalId": "b0b3ce23-e824-4b11-a39f-7471a036bf02",
                    "principalIdDisplayName": "Technical support and administration - Azure Sentinel Automation Contributor",
                    "roleDefinitionId": "f4c81013-99ee-4d62-a7ee-b3f1f648599a"
                },
                { 
                    "principalId": "b0b3ce23-e824-4b11-a39f-7471a036bf02", 
					"principalIdDisplayName": "Technical support and administration - Azure Sentinel Contributor",
                    "roleDefinitionId": "ab8e14d6-4a74-4a29-9ba8-549422addade"
                },
				                { 
                    "principalId": "b0b3ce23-e824-4b11-a39f-7471a036bf02", 
					"principalIdDisplayName": "Technical support and administration - Security Reader",
                    "roleDefinitionId": "39bc4728-0917-49c7-9d2c-d95423bc2eb4"
                },
				                { 
                    "principalId": "b0b3ce23-e824-4b11-a39f-7471a036bf02", 
					"principalIdDisplayName": "Technical support and administration - Logic App Operator",
                    "roleDefinitionId": "515c2055-d9d4-4321-b1b9-bd0c9a0f79fe"
                },
				                { 
                    "principalId": "b0b3ce23-e824-4b11-a39f-7471a036bf02", 
					"principalIdDisplayName": "Technical support and administration - Remove Delegetion",
                    "roleDefinitionId": "91c1777a-f3dc-4fae-b103-61d183457e46"
                }
            ]
        }
    }
}

