{
    "$schema": "https://schema.management.azure.com/schemas/2018-05-01/subscriptionDeploymentTemplate.json#",
    "contentVersion": "1.0.0.0",
    "parameters": {
        "mspOfferName": {
            "type": "string",
            "metadata": {
                "description": "Specify a unique name for your offer"
            },
            "defaultValue": "<to be filled out by MSP> Specify a title for your offer"
        },
        "mspOfferDescription": {
            "type": "string",
            "metadata": {
                "description": "Name of the Managed Service Provider offering"
            },
            "defaultValue": "<to be filled out by MSP> Provide a brief description of your offer"
        },
        "managedByTenantId": {
            "type": "string",
            "metadata": {
                "description": "Specify the tenant id of the Managed Service Provider"
            },
            "defaultValue": "<to be filled out by MSP> Provide your tenant id"
        },
        "authorizations": {
            "type": "array",
            "metadata": {
                "description": "Specify an array of objects, containing tuples of Azure Active Directory principalId, a Azure roleDefinitionId, and an optional principalIdDisplayName. The roleDefinition specified is granted to the principalId in the provider's Active Directory and the principalIdDisplayName is visible to customers."
            },
            "defaultValue": [
                { 
                    "principalId": "ee8f6d35-15f2-4252-b1b8-591358e8a244", 
                    "roleDefinitionId": "acdd72a7-3385-48ef-bd42-f606fba81ae7",
                    "principalIdDisplayName": "PIM_Group" 
                }, 
                { 
                    "principalId": "ee8f6d35-15f2-4252-b1b8-591358e8a244", 
                    "roleDefinitionId": "91c1777a-f3dc-4fae-b103-61d183457e46",
                    "principalIdDisplayName": "PIM_Group" 
                }   
            ]
        },
        "rgName": {
            "type": "string"
        }              
    },
    "variables": {
        "mspRegistrationName": "[guid(parameters('mspOfferName'))]",
        "mspAssignmentName": "[guid(parameters('rgName'))]"
    },
    "resources": [
        {
            "type": "Microsoft.ManagedServices/registrationDefinitions",
            "apiVersion": "2019-06-01",
            "name": "[variables('mspRegistrationName')]",
            "properties": {
                "registrationDefinitionName": "[parameters('mspOfferName')]",
                "description": "[parameters('mspOfferDescription')]",
                "managedByTenantId": "[parameters('managedByTenantId')]",
                "authorizations": "[parameters('authorizations')]"
            }
        },
        {
            "type": "Microsoft.Resources/deployments",
            "apiVersion": "2018-05-01",
            "name": "rgAssignment",
            "resourceGroup": "[parameters('rgName')]",
            "location":"<LOCATION>",
            "dependsOn": [
                "[resourceId('Microsoft.ManagedServices/registrationDefinitions/', variables('mspRegistrationName'))]"
            ],
            "properties":{
                "mode":"Incremental",
                "template":{
                    "$schema": "https://schema.management.azure.com/schemas/2015-01-01/deploymentTemplate.json#",
                    "contentVersion": "1.0.0.0",
                    "parameters": {},
                    "resources": [
                        {
                            "type": "Microsoft.ManagedServices/registrationAssignments",
                            "apiVersion": "2019-06-01",
                            "name": "[variables('mspAssignmentName')]",
                            "properties": {
                                "registrationDefinitionId": "[resourceId('Microsoft.ManagedServices/registrationDefinitions/', variables('mspRegistrationName'))]"
                            }
                        }
                    ]
                }
            }
        }
    ],
    "outputs": {
        "mspOfferName": {
            "type": "string",
            "value": "[concat('Managed by', ' ', parameters('mspOfferName'))]"
        },
        "authorizations": {
            "type": "array",
            "value": "[parameters('authorizations')]"
        }
    }
}
